{"cameraMode":{"drawMode":0,"name":"Shaded","section":"Shading Mode"},"sceneLighting":false,"audioPlay":false,"sceneViewState":{"showFog":true,"showMaterialUpdate":true,"showSkybox":false,"showFlares":true,"showImageEffects":true,"showParticleSystems":true},"in2DMode":false,"pivot":{"x":0.514592170715332,"y":1.100438117980957,"z":-0.8059453964233398},"rotation":{"x":-0.21831025183200837,"y":0.36061298847198489,"z":-0.08722054958343506,"w":-0.9026031494140625},"size":1.2247449159622193,"orthographic":false}