{"cameraMode":{"drawMode":0,"name":"Shaded","section":"Shading Mode"},"sceneLighting":false,"audioPlay":false,"sceneViewState":{"showFog":true,"showMaterialUpdate":true,"showSkybox":false,"showFlares":true,"showImageEffects":true,"showParticleSystems":true},"in2DMode":false,"pivot":{"x":0.07385921478271485,"y":3.460390090942383,"z":-1.6736106872558594},"rotation":{"x":0.07659687846899033,"y":0.8954479694366455,"z":0.16960486769676209,"w":-0.4044010639190674},"size":3.596561908721924,"orthographic":false}