{"cameraMode":{"drawMode":0,"name":"Shaded","section":"Shading Mode"},"sceneLighting":true,"audioPlay":false,"sceneViewState":{"showFog":true,"showMaterialUpdate":true,"showSkybox":true,"showFlares":true,"showImageEffects":true,"showParticleSystems":true},"in2DMode":false,"pivot":{"x":-68.85839080810547,"y":-10.067924499511719,"z":-7.231821060180664},"rotation":{"x":-0.1232190802693367,"y":0.7541781663894653,"z":-0.1480252593755722,"w":-0.627792239189148},"size":70.07180786132813,"orthographic":false}