{"cameraMode":{"drawMode":0,"name":"Shaded","section":"Shading Mode"},"sceneLighting":false,"audioPlay":false,"sceneViewState":{"showFog":true,"showMaterialUpdate":true,"showSkybox":false,"showFlares":true,"showImageEffects":true,"showParticleSystems":true},"in2DMode":false,"pivot":{"x":486.9673767089844,"y":249.04669189453126,"z":191.25048828125},"rotation":{"x":-0.022801948711276056,"y":0.023088524118065835,"z":-0.0005296313902363181,"w":-0.9994802474975586},"size":10.0,"orthographic":false}