{"cameraMode":{"drawMode":0,"name":"Shaded","section":"Shading Mode"},"sceneLighting":false,"audioPlay":false,"sceneViewState":{"showFog":true,"showMaterialUpdate":true,"showSkybox":false,"showFlares":true,"showImageEffects":true,"showParticleSystems":true},"in2DMode":false,"pivot":{"x":512.4439697265625,"y":243.22683715820313,"z":201.25616455078126},"rotation":{"x":-0.22476118803024293,"y":-0.7016363143920898,"z":0.2512049078941345,"w":-0.627770185470581},"size":1.2247449159622193,"orthographic":false}