{"cameraMode":{"drawMode":0,"name":"Shaded","section":"Shading Mode"},"sceneLighting":false,"audioPlay":false,"sceneViewState":{"showFog":true,"showMaterialUpdate":true,"showSkybox":false,"showFlares":true,"showImageEffects":true,"showParticleSystems":true},"in2DMode":false,"pivot":{"x":513.117431640625,"y":243.13442993164063,"z":202.62901306152345},"rotation":{"x":0.13236822187900544,"y":0.3096127212047577,"z":-0.043570950627326968,"w":0.9405979514122009},"size":1.7660253047943116,"orthographic":false}