{"cameraMode":{"drawMode":0,"name":"Shaded","section":"Shading Mode"},"sceneLighting":true,"audioPlay":false,"sceneViewState":{"showFog":true,"showMaterialUpdate":true,"showSkybox":true,"showFlares":true,"showImageEffects":true,"showParticleSystems":true},"in2DMode":false,"pivot":{"x":-3.7246546745300295,"y":-1.5522956848144532,"z":-7.636508941650391},"rotation":{"x":-0.01607418991625309,"y":0.9687214493751526,"z":-0.23892183601856233,"w":-0.06519737839698792},"size":15.124187469482422,"orthographic":false}