{"cameraMode":{"drawMode":0,"name":"Shaded","section":"Shading Mode"},"sceneLighting":false,"audioPlay":false,"sceneViewState":{"showFog":true,"showMaterialUpdate":true,"showSkybox":false,"showFlares":true,"showImageEffects":true,"showParticleSystems":true},"in2DMode":false,"pivot":{"x":512.4439697265625,"y":243.22683715820313,"z":201.25616455078126},"rotation":{"x":0.019770827144384385,"y":-0.06145402044057846,"z":0.0012177720200270415,"w":0.9979147911071777},"size":1.1474308967590333,"orthographic":false}